Name,URL
"Pomimo początkowych trudności, RPA napędza cyfrową transformację dystrybutora...
Branża: TSL

Tarsus Distribution to najdłużej działający dystrybutor IT w Afryce Południowej.",https://rpa.hybrydoweit.pl/article/pomimo-poczatkowych-trudnosci-rpa-napedza-cyfrowa-transformacje-dystrybutora-it/
"Jak roboty pomagają usprawnić ochronę zdrowia
Branża: Służba zdrowia

W miarę jak rośnie liczba pacjentów, wyzwania, z jakimi muszą mierzyć...",https://rpa.hybrydoweit.pl/article/jak-roboty-pomagaja-usprawnic-ochrone-zdrowia/
"Fabryka robotów sposobem na transformację biznesu Orange Spain
Dział: Obsługa klienta

W założeniach zapoczątkowanej w 2016 r. głębokiej transformacji biznesowej Orange Spain...",https://rpa.hybrydoweit.pl/article/fabryka-robotow-sposobem-na-transformacje-biznesu/
"Firmy produkcyjne stawiają na RPA
Branża: Produkcyjna

Produkcja to nie tylko hale fabryczne czy pola i sady, ale...",https://rpa.hybrydoweit.pl/article/firmy-produkcyjne-stawiaja-na-rpa/
"Robot UiPath przy pracy w systemie SAP, czyli...
Branża: Użytkownicy SAP

Dobrze jest poczytać czym jest Robotic Process Automation, dowiedzieć się co...",https://rpa.hybrydoweit.pl/article/robot-uipath-przy-pracy-w-systemie-sap-czyli-faktura-z-automatu/
"Globalny łańcuch dostaw pod kontrolą robotów
Branża: Produkcyjna

Jednym ze sposobów na doskonalenia łańcucha dostaw jest eliminowanie powtarzalnych, czasochłonnych...",https://rpa.hybrydoweit.pl/article/globalny-lancuch-dostaw-pod-kontrola-robotow/
"Roboty przyspieszają rozwój azjatyckiego producenta ubrań i tekstyliów
Branża: Retail

MAS Holdings to jeden z największych producentów ubrań i tekstyliów w...",https://rpa.hybrydoweit.pl/article/roboty-przyspieszaja-rozwoj-azjatyckiego-producenta-ubran-i-tekstyliow/
"Jak poprawić doświadczenie klienta i oszczędzać? Postaw na...
Dział: Obsługa klienta

Elisa to wiodący operator telekomunikacyjny w Finlandii. Firma świadcząca zarówno usługi...",https://rpa.hybrydoweit.pl/article/jak-poprawic-doswiadczenie-klienta-i-oszczedzac-postaw-na-robota-2/
"Roboty pomagają brytyjskim pocztowcom
Branża: TSL

Roboty w firmie, której historia sięga 1516 roku? Brytyjska poczta zdecydowała...",https://rpa.hybrydoweit.pl/article/roboty-pomagaja-brytyjskim-pocztowcom/
"Cyfrowa transformacja? Przyspieszaj aplikacje SAP przy pomocy RPA
Branża: Użytkownicy SAP

Roboty przejmują coraz więcej zadań. Przyspieszają prace oraz umożliwiają pracownikom zajęcie...",https://rpa.hybrydoweit.pl/article/cyfrowa-transformacja-przyspieszaj-aplikacje-sap-przy-pomocy-rpa/
"Transformacja handlu detalicznego przy pomocy RPA
Branża: Retail

W ciągu ostatniej dekady technologia dramatycznie zmieniła nasze życie.",https://rpa.hybrydoweit.pl/article/transformacja-handlu-detalicznego-przy-pomocy-rpa/
"RPA: szybsze i tańsze leczenie
Branża: Służba zdrowia

Jednymi z kluczowych wskaźników wykorzystywanych przez organizacje działające w ochronie zdrowia...",https://rpa.hybrydoweit.pl/article/rpa-szybsze-i-tansze-leczenie/
"RPA w ERP
Branża: Użytkownicy SAP

Niemiecka firma budowlana wykorzystuje technologię UiPath do automatyzacji działań w obszarze...",https://rpa.hybrydoweit.pl/article/rpa-w-erp-2/
"RPA napędza automatyzację handlu detalicznego
Branża: Retail

Roboty programowe to dla wielu detalistów jedyna nadzieja na szybką, skuteczna...",https://rpa.hybrydoweit.pl/article/rpa-napedza-automatyzacje-handlu-detalicznego-2/
"Roboty w służbie zdrowia
Branża: Służba zdrowia

Duży szpital wykorzystuje platformę UiPath Enterprise RPA do wprowadzania danych, przetwarzania...",https://rpa.hybrydoweit.pl/article/roboty-w-sluzbie-zdrowia-2/
"RPA: skalowanie biznesu ponad posiadane zasoby ludzkie
Branża: Służba zdrowia

Roboty UiPath pozwoliły Health Fidelity dwukrotnie zwiększyć liczbę klientów bez zatrudniania...",https://rpa.hybrydoweit.pl/article/rpa-skalowanie-biznesu-ponad-posiadane-zasoby-ludzkie-2/
"Sprawniejsza, bardziej przyjazna poczta
Branża: TSL

Jak 3-krotnie przekroczyć cele projektu RPA w ciągu 12 miesięcy od...",https://rpa.hybrydoweit.pl/article/sprawniejsza-bardziej-przyjazna-poczta/
"Automatyzacja przyspiesza onboarding
Dział: HR

Roboty UiPath 10-krotnie skróciły czas wprowadzania do firmy nowego pracownika.",https://rpa.hybrydoweit.pl/article/automatyzacja-przyspiesza-onboarding/
"Migracja? Automatyzacja!
Branża: Użytkownicy SAP

Rozwiązanie RPA firmy UiPath umożliwia automatyzację wielu elementów składających się na...",https://rpa.hybrydoweit.pl/article/migracja-automatyzacja/
"Handel stawia na roboty programowe
Branża: Retail

RPA to jeden z podstawowych sposobów na podnoszenie produktywności w handlu...",https://rpa.hybrydoweit.pl/article/handel-stawia-na-roboty-programowe/
"Raporty – robota dla robota
Dział: Finansowy

Przy osiągnięciu 100% dokładności dziennych raportów dotyczących zysków i strat oszczędziliśmy...",https://rpa.hybrydoweit.pl/article/raporty-robota-dla-robota-2/
"RPA transformuje logistykę
Branża: TSL

Wirtualne centrum dostarczania usług, w którym zatrudniono roboty UiPath pozwoliło na...",https://rpa.hybrydoweit.pl/article/rpa-transformuje-logistyke-2/
